{
	"parent": "item/handheld",
	"textures": {
		"layer0": "item/diamond_pickaxe"
	},
	"overrides": [
		{ "predicate": { "custom_model_data": 1}, "model": "item/diamond_pickaxe/1" },
		{ "predicate": { "custom_model_data": 2}, "model": "item/diamond_pickaxe/2" },
		{ "predicate": { "custom_model_data": 3}, "model": "item/diamond_pickaxe/3" },
		{ "predicate": { "custom_model_data": 4}, "model": "item/diamond_pickaxe/4" },
		{ "predicate": { "custom_model_data": 5}, "model": "item/diamond_pickaxe/5" },
		{ "predicate": { "custom_model_data": 6}, "model": "item/diamond_pickaxe/6" },
		{ "predicate": { "custom_model_data": 7}, "model": "item/diamond_pickaxe/7" },
		{ "predicate": { "custom_model_data": 8}, "model": "item/diamond_pickaxe/8" },
		{ "predicate": { "custom_model_data": 9}, "model": "item/diamond_pickaxe/9" },
		{ "predicate": { "custom_model_data": 10}, "model": "item/diamond_pickaxe/10" }
	]
}