{
	"parent": "item/handheld",
	"textures": {
		"layer0": "item/stone_pickaxe"
	},
	"overrides": [
		{ "predicate": { "custom_model_data": 1}, "model": "item/stone_pickaxe/1" },
		{ "predicate": { "custom_model_data": 2}, "model": "item/stone_pickaxe/2" },
		{ "predicate": { "custom_model_data": 3}, "model": "item/stone_pickaxe/3" },
		{ "predicate": { "custom_model_data": 4}, "model": "item/stone_pickaxe/4" },
		{ "predicate": { "custom_model_data": 5}, "model": "item/stone_pickaxe/5" },
		{ "predicate": { "custom_model_data": 6}, "model": "item/stone_pickaxe/6" },
		{ "predicate": { "custom_model_data": 7}, "model": "item/stone_pickaxe/7" }
	]
}